Set,Type,Operator,Depot,Livery,Status,Interior,In Service,Gauge,myki
116,Z-Class,Yarra Trams,Essendon,PTV Green,Withdrawn,M>Tram Refurbished,"Tue, 25th Sep 1979",1435mm Standard gauge,N/A
117,Z-Class,Yarra Trams,Essendon,PTV Green,Scrapped,M>Tram Refurbished,"Tue, 25th Sep 1979",1435mm Standard gauge,N/A
118,Z-Class,Yarra Trams,Essendon,PTV Green,Withdrawn,M>Tram Refurbished,"Tue, 25th Sep 1979",1435mm Standard gauge,N/A
119,Z-Class,Yarra Trams,Essendon,PTV Green,Withdrawn,M>Tram Refurbished,"Mon, 7th Jan 1980",1435mm Standard gauge,N/A
120,Z-Class,Yarra Trams,Malvern,PTV Green,Scrapped,Yarra trams Refurbished,"Fri, 21st Dec 1979",1435mm Standard gauge,N/A
121,Z-Class,Yarra Trams,Malvern,PTV Green,Scrapped,M>Tram Refurbished,"Fri, 21st Dec 1979",1435mm Standard gauge,N/A
122,Z-Class,Yarra Trams,Essendon,PTV Green,Withdrawn,M>Tram Refurbished,"Tue, 29th Jan 1980",1435mm Standard gauge,N/A
123,Z-Class,Yarra Trams,Malvern,PTV Green,In-Service,Yarra trams Refurbished,"Fri, 15th Feb 1980",1435mm Standard gauge,Conduent
124,Z-Class,Yarra Trams,Essendon,PTV Green,Withdrawn,M>Tram Refurbished,"Fri, 15th Feb 1980",1435mm Standard gauge,N/A
125,Z-Class,Yarra Trams,Malvern,PTV Green,Withdrawn,Yarra trams Refurbished,"Fri, 15th Feb 1980",1435mm Standard gauge,N/A
126,Z-Class,Yarra Trams,Malvern,PTV Green,Scrapped,M>Tram Refurbished,"Fri, 29th Feb 1980",1435mm Standard gauge,N/A
127,Z-Class,Yarra Trams,Malvern,PTV Green,In-Service,Yarra trams Refurbished,"Fri, 7th Mar 1980",1435mm Standard gauge,Conduent
128,Z-Class,Yarra Trams,Malvern,PTV Green,In-Service,Yarra trams Refurbished,"Fri, 28th Mar 1980",1435mm Standard gauge,Conduent
129,Z-Class,Yarra Trams,Essendon,PTV Green,Withdrawn,M>Tram Refurbished,"Thu, 17th Apr 1980",1435mm Standard gauge,N/A
130,Z-Class,Yarra Trams,Essendon,PTV Green,Withdrawn,Yarra trams Refurbished,"Wed, 23rd Apr 1980",1435mm Standard gauge,N/A
131,Z-Class,Yarra Trams,Malvern,PTV Green,In-Service,M>Tram Refurbished,"Wed, 30th Apr 1980",1435mm Standard gauge,Conduent
132,Z-Class,Yarra Trams,Malvern,PTV Green,In-Service,M>Tram Refurbished,"Wed, 30th Apr 1980",1435mm Standard gauge,Conduent
133,Z-Class,Yarra Trams,Malvern,PTV Green,Withdrawn,M>Tram Refurbished,"Mon, 2nd Jun 1980",1435mm Standard gauge,N/A
134,Z-Class,Yarra Trams,Essendon,PTV Green,In-Service,Yarra trams Refurbished,"Fri, 6th Jun 1980",1435mm Standard gauge,Conduent
135,Z-Class,Yarra Trams,Essendon,PTV Green,In-Service,M>Tram Refurbished,"Tue, 17th Jun 1980",1435mm Standard gauge,Conduent
136,Z-Class,Yarra Trams,Unknown,PTV Green,Withdrawn,M>Tram Refurbished,"Fri, 20th Jun 1980",1435mm Standard gauge,N/A
137,Z-Class,Yarra Trams,Unknown,Yarra Trams Mk 2,Withdrawn,Yarra trams Refurbished,"Wed, 2nd Jul 1980",1435mm Standard gauge,N/A
138,Z-Class,Yarra Trams,Malvern,Yarra Trams Mk 4,Withdrawn,Yarra trams Refurbished,"Mon, 14th Jul 1980",1435mm Standard gauge,N/A
139,Z-Class,Yarra Trams,Essendon,PTV Green,Scrapped,M>Tram Refurbished,"Tue, 22nd Jul 1980",1435mm Standard gauge,N/A
140,Z-Class,Yarra Trams,Newport Workshops,Yarra Trams Mk 2,Withdrawn,Yarra trams Refurbished,"Tue, 22nd Jul 1980",1435mm Standard gauge,N/A
141,Z-Class,Yarra Trams,Malvern,PTV Green,In-Service,M>Tram Refurbished,"Fri, 1st Aug 1980",1435mm Standard gauge,Conduent
142,Z-Class,Yarra Trams,Malvern,PTV Green,In-Service,Yarra trams Refurbished,"Mon, 25th Aug 1980",1435mm Standard gauge,Conduent
143,Z-Class,Yarra Trams,Malvern,PTV Green,In-Service,Yarra trams Refurbished,"Fri, 8th Aug 1980",1435mm Standard gauge,ACS
144,Z-Class,Yarra Trams,Malvern,PTV Green,Withdrawn,Yarra trams Refurbished,"Fri, 29th Aug 1980",1435mm Standard gauge,N/A
145,Z-Class,Yarra Trams,Essendon,PTV Green,In-Service,Yarra trams Refurbished,"Mon, 25th Aug 1980",1435mm Standard gauge,ACS
146,Z-Class,Yarra Trams,Essendon,PTV Green,In-Service,Yarra trams Refurbished,"Fri, 29th Aug 1980",1435mm Standard gauge,ACS
147,Z-Class,Yarra Trams,Essendon,PTV Green,Withdrawn,M>Tram Refurbished,"Fri, 29th Aug 1980",1435mm Standard gauge,N/A
148,Z-Class,Yarra Trams,Malvern,PTV Green,In-Service,Yarra trams Refurbished,"Wed, 10th Sep 1980",1435mm Standard gauge,Conduent
149,Z-Class,Swanston Trams,Essendon,Met Green and Yellow,Scrapped,Original - MET,"Wed, 17th Sep 1980",1435mm Standard gauge,N/A
150,Z-Class,Yarra Trams,Essendon,PTV Green,In-Service,Yarra trams Refurbished,"Fri, 26th Sep 1980",1435mm Standard gauge,Conduent
151,Z-Class,Yarra Trams,Malvern,PTV Green,In-Service,M>Tram Refurbished,"Fri, 28th Nov 1980",1435mm Standard gauge,ACS
152,Z-Class,Yarra Trams,Malvern,Yarra Trams Mk 4,Withdrawn,Yarra trams Refurbished,"Wed, 17th Dec 1980",1435mm Standard gauge,N/A
153,Z-Class,Yarra Trams,Malvern,PTV Green,In-Service,Yarra trams Refurbished,"Fri, 31st Oct 1980",1435mm Standard gauge,ACS
154,Z-Class,Yarra Trams,Essendon,PTV Green,In-Service,M>Tram Refurbished,"Thu, 13th Nov 1980",1435mm Standard gauge,Conduent
155,Z-Class,Yarra Trams,Malvern,PTV Green,Withdrawn,M>Tram Refurbished,"Thu, 13th Nov 1980",1435mm Standard gauge,N/A
156,Z-Class,Yarra Trams,Essendon,PTV Green,In-Service,Yarra trams Refurbished,"Fri, 28th Nov 1980",1435mm Standard gauge,Conduent
157,Z-Class,Yarra Trams,Essendon,PTV Green,In-Service,Yarra trams Refurbished,"Thu, 11th Dec 1980",1435mm Standard gauge,Conduent
158,Z-Class,Yarra Trams,Malvern,PTV Green,In-Service,Yarra trams Refurbished,"Mon, 15th Dec 1980",1435mm Standard gauge,Conduent
159,Z-Class,Yarra Trams,Essendon,PTV Green,In-Service,M>Tram Refurbished,"Fri, 19th Dec 1980",1435mm Standard gauge,ACS
160,Z-Class,Yarra Trams,Malvern,PTV Green,In-Service,Yarra trams Refurbished,"Fri, 19th Dec 1980",1435mm Standard gauge,ACS
161,Z-Class,Yarra Trams,Essendon,PTV Green,Withdrawn,Yarra trams Refurbished,"Tue, 3rd Mar 1981",1435mm Standard gauge,N/A
162,Z-Class,Yarra Trams,Malvern,PTV Green,In-Service,Yarra trams Refurbished,"Fri, 13th Mar 1981",1435mm Standard gauge,ACS
163,Z-Class,Yarra Trams,Malvern,PTV Green,In-Service,Yarra trams Refurbished,"Fri, 20th Mar 1981",1435mm Standard gauge,Conduent
164,Z-Class,Yarra Trams,Malvern,PTV Green,In-Service,Yarra trams Refurbished,"Fri, 27th Mar 1981",1435mm Standard gauge,ACS
165,Z-Class,Yarra Trams,Essendon,PTV Green,In-Service,Yarra trams Refurbished,"Fri, 24th Apr 1981",1435mm Standard gauge,Conduent
166,Z-Class,Yarra Trams,Essendon,PTV Green,In-Service,Yarra trams Refurbished,"Mon, 4th May 1981",1435mm Standard gauge,Conduent
167,Z-Class,Yarra Trams,Malvern,PTV Green,In-Service,M>Tram Refurbished,"Wed, 6th May 1981",1435mm Standard gauge,ACS
168,Z-Class,Yarra Trams,Malvern,PTV Green,In-Service,Yarra trams Refurbished,"Fri, 15th May 1981",1435mm Standard gauge,ACS
169,Z-Class,Yarra Trams,Essendon,PTV Green,In-Service,Yarra trams Refurbished,"Fri, 15th May 1981",1435mm Standard gauge,Conduent
170,Z-Class,Yarra Trams,Malvern,PTV Green,In-Service,M>Tram Refurbished,"Mon, 1st Jun 1981",1435mm Standard gauge,ACS
172,Z-Class,Yarra Trams,Malvern,PTV Green,Withdrawn,Yarra trams Refurbished,"Fri, 26th Jun 1981",1435mm Standard gauge,N/A
171,Z-Class,Yarra Trams,Brunswick,PTV Green,In-Service,Yarra trams Refurbished,"Wed, 3rd Jun 1981",1435mm Standard gauge,ACS
173,Z-Class,Yarra Trams,Malvern,PTV Green,In-Service,M>Tram Refurbished,"Tue, 11th Aug 1981",1435mm Standard gauge,Conduent
174,Z-Class,Yarra Trams,Malvern,PTV Green,In-Service,Yarra trams Refurbished,"Fri, 17th Jul 1981",1435mm Standard gauge,Conduent
175,Z-Class,Yarra Trams,Malvern,PTV Green,In-Service,M>Tram Refurbished,"Tue, 11th Aug 1981",1435mm Standard gauge,Conduent
176,Z-Class,Yarra Trams,Malvern,PTV Green,In-Service,Yarra trams Refurbished,"Wed, 2nd Sep 1981",1435mm Standard gauge,Conduent
177,Z-Class,Yarra Trams,Essendon,PTV Green,In-Service,M>Tram Refurbished,"Fri, 4th Sep 1981",1435mm Standard gauge,ACS
178,Z-Class,Yarra Trams,Malvern,PTV Green,In-Service,Yarra trams Refurbished,"Fri, 2nd Oct 1981",1435mm Standard gauge,Conduent
179,Z-Class,Yarra Trams,Essendon,PTV Green,In-Service,Yarra trams Refurbished,"Wed, 7th Oct 1981",1435mm Standard gauge,Conduent
180,Z-Class,Yarra Trams,Malvern,PTV Green,In-Service,Yarra trams Refurbished,"Fri, 9th Oct 1981",1435mm Standard gauge,ACS
181,Z-Class,Yarra Trams,Essendon,PTV Green,In-Service,M>Tram Refurbished,"Thu, 29th Oct 1981",1435mm Standard gauge,Conduent
182,Z-Class,Yarra Trams,Malvern,PTV Green,In-Service,Yarra trams Refurbished,"Fri, 30th Oct 1981",1435mm Standard gauge,ACS
183,Z-Class,Yarra Trams,Glenhuntly,PTV Green,In-Service,Yarra trams Refurbished,"Fri, 20th Nov 1981",1435mm Standard gauge,ACS
184,Z-Class,Yarra Trams,Essendon,PTV Green,In-Service,Yarra trams Refurbished,"Wed, 25th Nov 1981",1435mm Standard gauge,Conduent
185,Z-Class,Yarra Trams,Essendon,PTV Green,In-Service,M>Tram Refurbished,"Thu, 17th Dec 1981",1435mm Standard gauge,Conduent
186,Z-Class,Yarra Trams,Brunswick,PTV Green,In-Service,M>Tram Refurbished,"Tue, 22nd Dec 1981",1435mm Standard gauge,ACS
187,Z-Class,Yarra Trams,Malvern,PTV Green,In-Service,Yarra trams Refurbished,"Mon, 2nd Feb 1981",1435mm Standard gauge,Conduent
188,Z-Class,Yarra Trams,Essendon,PTV Green,In-Service,M>Tram Refurbished,"Fri, 5th Feb 1982",1435mm Standard gauge,Conduent
189,Z-Class,Yarra Trams,Brunswick,PTV Green,In-Service,Yarra trams Refurbished,"Tue, 2nd Mar 1982",1435mm Standard gauge,ACS
190,Z-Class,Yarra Trams,Unknown,PTV Green,Withdrawn,M>Tram Refurbished,"Tue, 9th Mar 1982",1435mm Standard gauge,N/A
191,Z-Class,Yarra Trams,Malvern,PTV Green,In-Service,M>Tram Refurbished,"Tue, 20th Apr 1982",1435mm Standard gauge,Conduent
192,Z-Class,Yarra Trams,Malvern,PTV Green,In-Service,Yarra Trams Refurbished,"Fri, 16th Apr 1982",1435mm Standard gauge,Conduent
193,Z-Class,Yarra Trams,Malvern,PTV Green,In-Service,Yarra Trams Refurbished,"Wed, 21st Apr 1982",1435mm Standard gauge,ACS
194,Z-Class,Yarra Trams,Malvern,PTV Green,In-Service,Yarra Trams Refurbished,"Tue, 18th May 1982",1435mm Standard gauge,Conduent
195,Z-Class,Yarra Trams,Brunswick,PTV Green,In-Service,M>Tram Refurbished,"Tue, 25th May 1982",1435mm Standard gauge,ACS
196,Z-Class,Yarra Trams,Brunswick,PTV Green,In-Service,M>Tram Refurbished,"Fri, 11th Jun 1982",1435mm Standard gauge,ACS
197,Z-Class,Yarra Trams,Unknown,Yarra Trams Mk 4,Withdrawn,Yarra trams Refurbished,"Mon, 12th Jul 1982",1435mm Standard gauge,N/A
198,Z-Class,Yarra Trams,Malvern,PTV Green,In-Service,Yarra Trams Refurbished,"Thu, 22nd Jul 1982",1435mm Standard gauge,Conduent
199,Z-Class,Yarra Trams,Essendon,PTV Green,In-Service,Yarra Trams Refurbished,"Fri, 23rd Jul 1982",1435mm Standard gauge,Conduent
200,Z-Class,Yarra Trams,Malvern,PTV Green,In-Service,Yarra Trams Refurbished,"Wed, 18th Aug 1982",1435mm Standard gauge,Conduent
201,Z-Class,Yarra Trams,Malvern,PTV Green,In-Service,Yarra Trams Refurbished,"Tue, 10th Aug 1982",1435mm Standard gauge,ACS
202,Z-Class,Yarra Trams,Glenhuntly,PTV Green,In-Service,Yarra Trams Refurbished,"Mon, 30th Aug 1982",1435mm Standard gauge,ACS
203,Z-Class,Yarra Trams,Brunswick,PTV Green,In-Service,Yarra Trams Refurbished,"Tue, 14th Sep 1982",1435mm Standard gauge,ACS
204,Z-Class,Yarra Trams,Malvern,PTV Green,In-Service,Yarra Trams Refurbished,"Tue, 5th Oct 1982",1435mm Standard gauge,Conduent
205,Z-Class,Yarra Trams,Essendon,PTV Green,In-Service,M>Tram Refurbished,"Wed, 13th Oct 1982",1435mm Standard gauge,ACS
206,Z-Class,Yarra Trams,Glenhuntly,PTV Green,In-Service,M>Tram Refurbished,"Mon, 25th Oct 1982",1435mm Standard gauge,ACS
207,Z-Class,Yarra Trams,Essendon,PTV Green,In-Service,Yarra Trams Refurbished,"Thu, 2nd Dec 1982",1435mm Standard gauge,ACS
108,Z-Class,Yarra Trams,Unknown,Yarra Trams Mk 4,Withdrawn,Yarra trams Refurbished,"Mon, 20th Dec 1982",1435mm Standard gauge,N/A
209,Z-Class,Yarra Trams,Essendon,PTV Green,In-Service,Yarra Trams Refurbished,"Thu, 17th Feb 1983",1435mm Standard gauge,ACS
210,Z-Class,Yarra Trams,Malvern,PTV Green,In-Service,M>Tram Refurbished,"Fri, 25th Mar 1983",1435mm Standard gauge,ACS
211,Z-Class,Yarra Trams,Brunswick,PTV Green,In-Service,Yarra Trams Refurbished,"Wed, 6th Apr 1983",1435mm Standard gauge,ACS
212,Z-Class,Yarra Trams,Essendon,PTV Green,In-Service,Yarra Trams Refurbished,"Wed, 13th Apr 1983",1435mm Standard gauge,Conduent
213,Z-Class,Yarra Trams,Brunswick,PTV Green,In-Service,Yarra Trams Refurbished,"Tue, 3rd May 1983",1435mm Standard gauge,ACS
214,Z-Class,Yarra Trams,Glenhuntly,PTV Green,In-Service,Yarra Trams Refurbished,"Mon, 9th May 1983",1435mm Standard gauge,ACS
215,Z-Class,Yarra Trams,Glenhuntly,PTV Green,In-Service,M>Tram Refurbished,"Fri, 29th Apr 1983",1435mm Standard gauge,ACS
216,Z-Class,Yarra Trams,Glenhuntly,PTV Green,In-Service,Yarra Trams Refurbished,"Wed, 29th Jun 1983",1435mm Standard gauge,ACS
217,Z-Class,Yarra Trams,Malvern,PTV Green,In-Service,M>Tram Refurbished,"Wed, 13th Jul 1983",1435mm Standard gauge,ACS
218,Z-Class,Yarra Trams,Essendon,PTV Green,In-Service,Yarra Trams Refurbished,"Thu, 21st Jul 1983",1435mm Standard gauge,Conduent
219,Z-Class,Yarra Trams,Glenhuntly,PTV Green,In-Service,Yarra Trams Refurbished,"Wed, 10th Aug 1983",1435mm Standard gauge,ACS
220,Z-Class,Yarra Trams,Malvern,PTV Green,In-Service,Yarra Trams Refurbished,"Thu, 11th Aug 1983",1435mm Standard gauge,Conduent
221,Z-Class,Yarra Trams,Brunswick,PTV Green,In-Service,Yarra Trams Refurbished,"Mon, 29th Aug 1983",1435mm Standard gauge,ACS
222,Z-Class,Yarra Trams,Glenhuntly,PTV Green,In-Service,Yarra Trams Refurbished,"Thu, 1st Sep 1983",1435mm Standard gauge,ACS
223,Z-Class,Yarra Trams,Malvern,PTV Green,In-Service,M>Tram Refurbished,"Tue, 27th Sep 1983",1435mm Standard gauge,Conduent
224,Z-Class,Yarra Trams,Malvern,PTV Green,Withdrawn,Yarra trams Refurbished,"Thu, 29th Sep 1983",1435mm Standard gauge,N/A
225,Z-Class,Yarra Trams,Glenhuntly,PTV Green,In-Service,Yarra Trams Refurbished,"Thu, 20th Oct 1983",1435mm Standard gauge,ACS
226,Z-Class,Yarra Trams,Essendon,PTV Green,In-Service,Yarra Trams Refurbished,"Thu, 10th Nov 1983",1435mm Standard gauge,ACS
227,Z-Class,Yarra Trams,Malvern,PTV Green,In-Service,Yarra Trams Refurbished,"Thu, 24th Nov 1983",1435mm Standard gauge,ACS
228,Z-Class,Yarra Trams,Essendon,PTV Green,In-Service,Yarra Trams Refurbished,"Mon, 12th Dec 1983",1435mm Standard gauge,ACS
229,Z-Class,Yarra Trams,Malvern,PTV Green,In-Service,Yarra Trams Refurbished,"Thu, 19th Jan 1984",1435mm Standard gauge,ACS
230,Z-Class,Yarra Trams,Brunswick,PTV Green,In-Service,Yarra Trams Refurbished,"Thu, 5th Apr 1984",1435mm Standard gauge,ACS
231,A1-Class,Yarra Trams,Unknown,Yarra Trams Mk 4,Withdrawn,Yarra trams Refurbished,"Wed, 13th Jun 1984",1435mm Standard gauge,N/A
232,A1-Class,Yarra Trams,Southbank,PTV Green,In-Service,Yarra Trams Refurbished,"Wed, 21st Nov 1984",1435mm Standard gauge,Conduent
233,A1-Class,Yarra Trams,Southbank,PTV Green,In-Service,Yarra Trams Refurbished,"Sun, 5th Aug 1984",1435mm Standard gauge,Conduent
234,A1-Class,Yarra Trams,Southbank,PTV Green,In-Service,Yarra Trams Refurbished,"Fri, 5th Oct 1984",1435mm Standard gauge,Conduent
235,A1-Class,Yarra Trams,Southbank,PTV Green,In-Service,Yarra Trams Refurbished,"Fri, 28th Sep 1984",1435mm Standard gauge,ACS
236,A1-Class,Yarra Trams,Southbank,PTV Green,In-Service,Yarra Trams Refurbished,"Thu, 11th Oct 1984",1435mm Standard gauge,Conduent
237,A1-Class,Yarra Trams,Southbank,PTV Green,In-Service,Yarra Trams Refurbished,"Fri, 23rd Nov 1984",1435mm Standard gauge,Conduent
238,A1-Class,Yarra Trams,Southbank,PTV Green,In-Service,Yarra Trams Refurbished,"Thu, 6th Dec 1984",1435mm Standard gauge,Conduent
239,A1-Class,Yarra Trams,Southbank,PTV Green,In-Service,Yarra Trams Refurbished,"Fri, 14th Dec 1984",1435mm Standard gauge,Conduent
240,A1-Class,Yarra Trams,Southbank,PTV Green,In-Service,Yarra Trams Refurbished,"Tue, 18th Dec 1984",1435mm Standard gauge,Conduent
241,A1-Class,Yarra Trams,Southbank,PTV Green,In-Service,Yarra Trams Refurbished,"Wed, 19th Dec 1984",1435mm Standard gauge,Conduent
242,A1-Class,Yarra Trams,Camberwell,PTV Green,In-Storage/accident damaged,Yarra Trams Refurbished,"Thu, 20th Dec 1984",1435mm Standard gauge,Conduent
243,A1-Class,Yarra Trams,Camberwell,PTV Green,In-Service,Yarra Trams Refurbished,"Fri, 22nd Feb 1985",1435mm Standard gauge,ACS
244,A1-Class,Yarra Trams,Southbank,PTV Green,In-Service,Yarra Trams Refurbished,"Thu, 21st Feb 1985",1435mm Standard gauge,Conduent
245,A1-Class,Yarra Trams,Southbank,PTV Green,In-Service,Yarra Trams Refurbished,"Mon, 4th Mar 1985",1435mm Standard gauge,Conduent
246,A1-Class,Yarra Trams,Southbank,PTV Green,In-Service,Yarra Trams Refurbished,"Mon, 4th Mar 1985",1435mm Standard gauge,Conduent
247,A1-Class,Yarra Trams,Southbank,PTV Green,In-Service,Yarra Trams Refurbished,"Thu, 14th Mar 1985",1435mm Standard gauge,Conduent
248,A1-Class,Yarra Trams,Southbank,PTV Green,In-Service,Yarra Trams Refurbished,"Mon, 25th Mar 1985",1435mm Standard gauge,Conduent
249,A1-Class,Yarra Trams,Southbank,PTV Green,In-Service,Yarra Trams Refurbished,"Tue, 2nd Apr 1985",1435mm Standard gauge,Conduent
250,A1-Class,Yarra Trams,Camberwell,PTV Green,In-Service,Yarra Trams Refurbished,"Tue, 16th Apr 1985",1435mm Standard gauge,Conduent
251,A1-Class,Yarra Trams,Southbank,PTV Green,In-Service,Yarra Trams Refurbished,"Mon, 20th May 1985",1435mm Standard gauge,Conduent
252,A1-Class,Yarra Trams,Southbank,PTV Green,In-Service,Yarra Trams Refurbished,"Thu, 6th Jun 1985",1435mm Standard gauge,Conduent
253,A1-Class,Yarra Trams,Southbank,PTV Green,In-Service,Yarra Trams Refurbished,"Fri, 14th Jun 1985",1435mm Standard gauge,Conduent
254,A1-Class,Yarra Trams,Camberwell,PTV Green,In-Service,Yarra Trams Refurbished,"Wed, 26th Jun 1985",1435mm Standard gauge,Conduent
255,A1-Class,Yarra Trams,Southbank,PTV Green,In-Service,Yarra Trams Refurbished,"Thu, 8th Aug 1985",1435mm Standard gauge,ACS
256,A1-Class,Yarra Trams,Southbank,PTV Green,In-Service,Yarra Trams Refurbished,"Thu, 12th Sep 1985",1435mm Standard gauge,Conduent
257,A1-Class,Yarra Trams,Southbank,PTV Green,In-Service,Yarra Trams Refurbished,"Wed, 25th Sep 1985",1435mm Standard gauge,Conduent
258,A1-Class,Yarra Trams,Southbank,PTV Green,In-Service,Yarra Trams Refurbished,"Thu, 10th Oct 1985",1435mm Standard gauge,Conduent
259,A2-Class,Yarra Trams,Camberwell,PTV Green,In-Service,Yarra Trams Refurbished,"Mon, 10th Feb 1986",1435mm Standard gauge,Conduent
260,A2-Class,Yarra Trams,Camberwell,PTV Green,In-Service,Yarra Trams Refurbished,"Mon, 16th Dec 1985",1435mm Standard gauge,Conduent
261,A2-Class,Yarra Trams,Kew,PTV Green,In-Service,Yarra Trams Refurbished,"Fri, 20th Dec 1985",1435mm Standard gauge,Conduent
262,A2-Class,Yarra Trams,Camberwell,PTV Green,In-Service,Yarra Trams Refurbished,"Wed, 9th Apr 1986",1435mm Standard gauge,Conduent
263,A2-Class,Yarra Trams,Kew,PTV Green,In-Service,Yarra Trams Refurbished,"Mon, 24th Feb 1986",1435mm Standard gauge,Conduent
264,A2-Class,Yarra Trams,Kew,PTV Green,In-Service,Yarra Trams Refurbished,"Wed, 9th Apr 1986",1435mm Standard gauge,Conduent
265,A2-Class,Yarra Trams,Kew,PTV Green,In-Service,Yarra Trams Refurbished,"Wed, 9th Apr 1986",1435mm Standard gauge,Conduent
266,A2-Class,Yarra Trams,Kew,PTV Green,In-Service,Yarra Trams Refurbished,"Thu, 17th Apr 1986",1435mm Standard gauge,Conduent
267,A2-Class,Yarra Trams,Camberwell,PTV Green,In-Service,Yarra Trams Refurbished,"Wed, 30th Apr 1986",1435mm Standard gauge,Conduent
268,A2-Class,Yarra Trams,Kew,PTV Green,In-Service,Yarra Trams Refurbished,"Thu, 21st May 1987",1435mm Standard gauge,Conduent
269,A2-Class,Yarra Trams,Kew,PTV Green,In-Storage/accident damaged,Yarra Trams Refurbished,"Wed, 21st May 1986",1435mm Standard gauge,ACS
270,A2-Class,Yarra Trams,Kew,PTV Green,In-Service,Yarra Trams Refurbished,"Tue, 27th May 1986",1435mm Standard gauge,Conduent
271,A2-Class,Yarra Trams,Camberwell,PTV Green,In-Service,Yarra Trams Refurbished,"Wed, 11th Jun 1986",1435mm Standard gauge,Conduent
272,A2-Class,Yarra Trams,Kew,PTV Green,In-Service,Yarra Trams Refurbished,"Wed, 18th Jun 1986",1435mm Standard gauge,Conduent
273,A2-Class,Yarra Trams,Camberwell,PTV Green,In-Service,Yarra Trams Refurbished,"Tue, 5th Aug 1986",1435mm Standard gauge,Conduent
274,A2-Class,Yarra Trams,Kew,PTV Green,In-Service,Yarra Trams Refurbished,"Mon, 4th Aug 1986",1435mm Standard gauge,Conduent
275,A2-Class,Yarra Trams,Kew,PTV Green,In-Service,Yarra Trams Refurbished,"Tue, 12th Aug 1986",1435mm Standard gauge,Conduent
276,A2-Class,Yarra Trams,Camberwell,PTV Green,In-Service,Yarra Trams Refurbished,"Thu, 28th Aug 1986",1435mm Standard gauge,Conduent
277,A2-Class,Yarra Trams,Kew,PTV Green,In-Service,Yarra Trams Refurbished,"Thu, 11th Sep 1986",1435mm Standard gauge,Conduent
278,A2-Class,Yarra Trams,Camberwell,PTV Green,In-Service,Yarra Trams Refurbished,"Thu, 18th Sep 1986",1435mm Standard gauge,Conduent
279,A2-Class,Yarra Trams,Camberwell,PTV Green,In-Service,Yarra Trams Refurbished,"Fri, 14th Nov 1986",1435mm Standard gauge,Conduent
280,A2-Class,Yarra Trams,Kew,PTV Green,In-Service,Yarra Trams Refurbished,"Fri, 5th Dec 1986",1435mm Standard gauge,Conduent
281,A2-Class,Yarra Trams,Camberwell,PTV Green,In-Service,Yarra Trams Refurbished,"Tue, 16th Dec 1986",1435mm Standard gauge,Conduent
282,A2-Class,Yarra Trams,Camberwell,PTV Green,In-Service,Yarra Trams Refurbished,"Thu, 12th Feb 1987",1435mm Standard gauge,Conduent
283,A2-Class,Yarra Trams,Kew,PTV Green,In-Service,Yarra Trams Refurbished,"Wed, 10th Jun 1987",1435mm Standard gauge,Conduent
284,A2-Class,Yarra Trams,Camberwell,PTV Green,In-Service,Yarra Trams Refurbished,"Wed, 18th Mar 1987",1435mm Standard gauge,Conduent
285,A2-Class,Yarra Trams,Camberwell,PTV Green,In-Service,Yarra Trams Refurbished,"Fri, 20th Mar 1987",1435mm Standard gauge,Conduent
286,A2-Class,Yarra Trams,Kew,PTV Green,In-Service,Yarra Trams Refurbished,"Thu, 12th Mar 1987",1435mm Standard gauge,Conduent
287,A2-Class,Yarra Trams,Camberwell,PTV Green,In-Service,Yarra Trams Refurbished,"Tue, 28th Apr 1987",1435mm Standard gauge,Conduent
288,A2-Class,Yarra Trams,Kew,PTV Green,In-Service,Yarra Trams Refurbished,"Wed, 6th May 1987",1435mm Standard gauge,Conduent
289,A2-Class,Yarra Trams,Kew,PTV Green,In-Service,Yarra Trams Refurbished,"Wed, 13th May 1987",1435mm Standard gauge,Conduent
290,A2-Class,Yarra Trams,Camberwell,PTV Green,In-Service,Yarra Trams Refurbished,"Wed, 17th Jun 1987",1435mm Standard gauge,Conduent
291,A2-Class,Yarra Trams,Southbank,PTV Green,In-Service,Yarra Trams Refurbished,"Wed, 10th Jun 1987",1435mm Standard gauge,Conduent
292,A2-Class,Yarra Trams,Kew,PTV Green,In-Service,Yarra Trams Refurbished,"Mon, 10th Aug 1987",1435mm Standard gauge,Conduent
293,A2-Class,Yarra Trams,Kew,PTV Green,In-Service,Yarra Trams Refurbished,"Thu, 13th Aug 1987",1435mm Standard gauge,Conduent
294,A2-Class,Yarra Trams,Camberwell,PTV Green,In-Service,Yarra Trams Refurbished,"Thu, 6th Aug 1987",1435mm Standard gauge,Conduent
295,A2-Class,Yarra Trams,Camberwell,PTV Green,In-Service,Yarra Trams Refurbished,"Fri, 31st Jul 1987",1435mm Standard gauge,Conduent
296,A2-Class,Yarra Trams,Kew,PTV Green,In-Service,Yarra Trams Refurbished,"Mon, 31st Aug 1987",1435mm Standard gauge,ACS
297,A2-Class,Yarra Trams,Camberwell,PTV Green,In-Service,Yarra Trams Refurbished,"Fri, 4th Sep 1987",1435mm Standard gauge,Conduent
298,A2-Class,Yarra Trams,Kew,PTV Green,In-Service,Yarra Trams Refurbished,"Mon, 21st Sep 1987",1435mm Standard gauge,Conduent
299,A2-Class,Yarra Trams,Southbank,PTV Green,In-Service,Yarra Trams Refurbished,"Mon, 21st Sep 1987",1435mm Standard gauge,Conduent
300,A2-Class,Yarra Trams,Kew,PTV Green,In-Service,Yarra Trams Refurbished,"Mon, 21st Sep 1987",1435mm Standard gauge,Conduent
856,W8-Class,Yarra Trams,Southbank,MMTB Green and Cream,In-Service,n/a,September 2019,1435mm Standard gauge,N/A
888,W8-Class,Yarra Trams,Southbank,MMTB Green and Cream,In-Service,n/a,"Sun, 4th Jul 2021",1435mm Standard gauge,N/A
925,W8-Class,Yarra Trams,Southbank,MMTB Green and Cream,In-Service,n/a,"Sun, 15th May 2022",1435mm Standard gauge,N/A
928,W8-Class,Yarra Trams,Southbank,MMTB Green and Cream,In-Service,n/a,"Mon, 13th May 2019",1435mm Standard gauge,N/A
946,W8-Class,Yarra Trams,Southbank,MMTB Green and Cream,In-Service,n/a,March 2013,1435mm Standard gauge,N/A
957,W8-Class,Yarra Trams,Southbank,MMTB Green and Cream,In-Service,n/a,"Thu, 10th Sep 2015",1435mm Standard gauge,N/A
959,W8-Class,Yarra Trams,Southbank,MMTB Green and Cream,In-Service,n/a,August 2013,1435mm Standard gauge,N/A
961,W8-Class,Yarra Trams,Southbank,MMTB Green and Cream,Stored,n/a,"Fri, 8th Mar 2019",1435mm Standard gauge,N/A
981,W8-Class,Yarra Trams,Southbank,MMTB Green and Cream,In-Service,n/a,"Fri, 21st Jul 2017",1435mm Standard gauge,N/A
983,W8-Class,Yarra Trams,Southbank,MMTB Green and Cream,In-Service,n/a,"Sat, 14th Oct 2017",1435mm Standard gauge,N/A
1000,W8-Class,Yarra Trams,Southbank,MMTB Green and Cream,Stored,n/a,"Tue, 1st Mar 2022",1435mm Standard gauge,N/A
1010,W8-Class,Yarra Trams,Southbank,MMTB Green and Cream,In-Service,n/a,"Tue, 12th Apr 2016",1435mm Standard gauge,N/A
2003,B2-Class,Yarra Trams,Brunswick,PTV Green,In-Service,Yarra Trams Refurbished,"Tue, 25th Oct 1988",1435mm Standard gauge,ACS
2004,B2-Class,Yarra Trams,Glenhuntly,PTV Green,In-Service,Yarra Trams Refurbished,"Thu, 1st Sep 1988",1435mm Standard gauge,Conduent
2005,B2-Class,Yarra Trams,Glenhuntly,PTV Green,In-Service,Yarra Trams Refurbished,"Thu, 1st Sep 1988",1435mm Standard gauge,ACS
2006,B2-Class,Yarra Trams,Glenhuntly,PTV Green,In-Service,Yarra Trams Refurbished,"Thu, 27th Oct 1988",1435mm Standard gauge,ACS
2007,B2-Class,Yarra Trams,Glenhuntly,PTV Green,In-Service,Yarra Trams Refurbished,"Thu, 27th Oct 1988",1435mm Standard gauge,ACS
2008,B2-Class,Yarra Trams,Essendon,PTV Green,In-Storage/accident damaged,Yarra Trams Refurbished,"Wed, 7th Dec 1988",1435mm Standard gauge,ACS
2009,B2-Class,Yarra Trams,Essendon,PTV Green,In-Service,Yarra Trams Refurbished,"Fri, 15th Sep 1989",1435mm Standard gauge,Conduent
2010,B2-Class,Yarra Trams,Glenhuntly,PTV Green,In-Service,Yarra Trams Refurbished,"Tue, 21st Feb 1989",1435mm Standard gauge,ACS
2011,B2-Class,Yarra Trams,Essendon,PTV Green,In-Service,Yarra Trams Refurbished,"Tue, 21st Feb 1989",1435mm Standard gauge,ACS
2012,B2-Class,Yarra Trams,Brunswick,PTV Green,In-Service,Yarra Trams Refurbished,"Wed, 1st Feb 1989",1435mm Standard gauge,ACS
2013,B2-Class,Yarra Trams,Camberwell,PTV Green,In-Service,Yarra Trams Refurbished,"Tue, 21st Feb 1989",1435mm Standard gauge,Conduent
2014,B2-Class,Yarra Trams,Brunswick,PTV Green,In-Storage/accident damaged,Yarra Trams Refurbished,"Fri, 3rd Mar 1989",1435mm Standard gauge,ACS
2015,B2-Class,Yarra Trams,Glenhuntly,PTV Green,In-Service,Yarra Trams Refurbished,"Mon, 10th Apr 1989",1435mm Standard gauge,ACS
2016,B2-Class,Yarra Trams,Essendon,PTV Green,In-Service,Yarra Trams Refurbished,"Thu, 11th May 1989",1435mm Standard gauge,Conduent
2017,B2-Class,Yarra Trams,Glenhuntly,PTV Green,In-Service,Yarra Trams Refurbished,"Mon, 19th Jun 1989",1435mm Standard gauge,ACS
2018,B2-Class,Yarra Trams,Glenhuntly,PTV Green,In-Service,Yarra Trams Refurbished,"Tue, 23rd May 1989",1435mm Standard gauge,ACS
2019,B2-Class,Yarra Trams,Glenhuntly,PTV Green,In-Service,Yarra Trams Refurbished,"Mon, 3rd Jul 1989",1435mm Standard gauge,ACS
2020,B2-Class,Yarra Trams,Essendon,PTV Green,In-Service,Yarra Trams Refurbished,"Fri, 14th Jul 1989",1435mm Standard gauge,ACS
2021,B2-Class,Yarra Trams,Essendon,PTV Green,In-Service,Yarra Trams Refurbished,"Tue, 25th Jul 1989",1435mm Standard gauge,ACS
2022,B2-Class,Yarra Trams,Glenhuntly,PTV Green,In-Service,Yarra Trams Refurbished,"Wed, 2nd Aug 1989",1435mm Standard gauge,ACS
2023,B2-Class,Yarra Trams,Glenhuntly,PTV Green,In-Service,Yarra Trams Refurbished,"Wed, 2nd Aug 1989",1435mm Standard gauge,ACS
2024,B2-Class,Yarra Trams,Glenhuntly,PTV Green,In-Service,Yarra Trams Refurbished,"Wed, 16th Aug 1989",1435mm Standard gauge,ACS
2025,B2-Class,Yarra Trams,Glenhuntly,PTV Green,In-Service,Yarra Trams Refurbished,"Wed, 16th Aug 1989",1435mm Standard gauge,ACS
2026,B2-Class,Yarra Trams,Glenhuntly,PTV Green,In-Service,Yarra Trams Refurbished,"Thu, 17th Aug 1989",1435mm Standard gauge,ACS
2027,B2-Class,Yarra Trams,Glenhuntly,PTV Green,In-Service,Yarra Trams Refurbished,"Wed, 6th Sep 1989",1435mm Standard gauge,ACS
2028,B2-Class,Yarra Trams,Camberwell,PTV Green,In-Service,Yarra Trams Refurbished,"Wed, 4th Oct 1989",1435mm Standard gauge,ACS
2029,B2-Class,Yarra Trams,Glenhuntly,PTV Green,In-Service,Yarra Trams Refurbished,"Wed, 27th Sep 1989",1435mm Standard gauge,ACS
2030,B2-Class,Yarra Trams,Essendon,PTV Green,In-Service,Yarra Trams Refurbished,"Wed, 21st Feb 1990",1435mm Standard gauge,ACS
2031,B2-Class,Yarra Trams,Camberwell,PTV Green,In-Service,Yarra Trams Refurbished,"Fri, 23rd Feb 1990",1435mm Standard gauge,Conduent
2032,B2-Class,Yarra Trams,Glenhuntly,PTV Green,In-Service,Yarra Trams Refurbished,"Thu, 29th Mar 1990",1435mm Standard gauge,Conduent
2033,B2-Class,Yarra Trams,Brunswick,PTV Green,In-Service,Yarra Trams Refurbished,"Fri, 27th Apr 1990",1435mm Standard gauge,ACS
2034,B2-Class,Yarra Trams,Glenhuntly,PTV Green,In-Service,Yarra Trams Refurbished,"Wed, 21st Feb 1990",1435mm Standard gauge,ACS
2035,B2-Class,Yarra Trams,Camberwell,PTV Green,In-Service,Yarra Trams Refurbished,"Thu, 29th Mar 1990",1435mm Standard gauge,Conduent
2036,B2-Class,Yarra Trams,Glenhuntly,PTV Green,In-Service,Yarra Trams Refurbished,"Tue, 24th Apr 1990",1435mm Standard gauge,ACS
2037,B2-Class,Yarra Trams,Glenhuntly,PTV Green,In-Storage/accident damaged,Yarra Trams Refurbished,"Thu, 27th Sep 1990",1435mm Standard gauge,ACS
2038,B2-Class,Yarra Trams,Glenhuntly,PTV Green,In-Service,Yarra Trams Refurbished,"Mon, 23rd Apr 1990",1435mm Standard gauge,ACS
2039,B2-Class,Yarra Trams,Glenhuntly,PTV Green,In-Service,Yarra Trams Refurbished,"Tue, 24th Apr 1990",1435mm Standard gauge,ACS
2040,B2-Class,Yarra Trams,Essendon,PTV Green,In-Service,Yarra Trams Refurbished,"Wed, 9th May 1990",1435mm Standard gauge,ACS
2041,B2-Class,Yarra Trams,Glenhuntly,PTV Green,In-Service,Yarra Trams Refurbished,"Wed, 27th Mar 1991",1435mm Standard gauge,ACS
2042,B2-Class,Yarra Trams,Brunswick,PTV Green,In-Service,Yarra Trams Refurbished,"Fri, 5th Oct 1990",1435mm Standard gauge,ACS
2043,B2-Class,Yarra Trams,Essendon,PTV Green,In-Service,Yarra Trams Refurbished,"Mon, 2nd Jul 1990",1435mm Standard gauge,ACS
2044,B2-Class,Yarra Trams,Glenhuntly,PTV Green,In-Service,Yarra Trams Refurbished,"Thu, 4th Oct 1990",1435mm Standard gauge,ACS
2045,B2-Class,Yarra Trams,Glenhuntly,PTV Green,In-Service,Yarra Trams Refurbished,"Thu, 11th Oct 1990",1435mm Standard gauge,ACS
2046,B2-Class,Yarra Trams,Glenhuntly,PTV Green,In-Service,Yarra Trams Refurbished,"Mon, 15th Oct 1990",1435mm Standard gauge,ACS
2047,B2-Class,Yarra Trams,Camberwell,PTV Green,In-Service,Yarra Trams Refurbished,"Tue, 16th Oct 1990",1435mm Standard gauge,ACS
2048,B2-Class,Yarra Trams,Glenhuntly,PTV Green,In-Service,Yarra Trams Refurbished,"Wed, 24th Oct 1990",1435mm Standard gauge,ACS
2049,B2-Class,Yarra Trams,Camberwell,PTV Green,In-Service,Yarra Trams Refurbished,"Sat, 24th Feb 1990",1435mm Standard gauge,Conduent
2050,B2-Class,Yarra Trams,Camberwell,PTV Green,In-Service,Yarra Trams Refurbished,"Fri, 26th Oct 1990",1435mm Standard gauge,Conduent
2051,B2-Class,Yarra Trams,Camberwell,PTV Green,In-Service,Yarra Trams Refurbished,"Wed, 24th Oct 1990",1435mm Standard gauge,Conduent
2052,B2-Class,Yarra Trams,Glenhuntly,PTV Green,In-Service,Yarra Trams Refurbished,"Tue, 30th Oct 1990",1435mm Standard gauge,ACS
2053,B2-Class,Yarra Trams,Glenhuntly,PTV Green,In-Service,Yarra Trams Refurbished,"Tue, 30th Oct 1990",1435mm Standard gauge,ACS
2054,B2-Class,Yarra Trams,Essendon,PTV Green,In-Storage/accident damaged,Yarra Trams Refurbished,"Tue, 30th Oct 1990",1435mm Standard gauge,ACS
2055,B2-Class,Yarra Trams,Glenhuntly,PTV Green,In-Service,Yarra Trams Refurbished,"Tue, 30th Oct 1990",1435mm Standard gauge,ACS
2056,B2-Class,Yarra Trams,Essendon,PTV Green,In-Service,Yarra Trams Refurbished,"Wed, 31st Oct 1990",1435mm Standard gauge,ACS
2057,B2-Class,Yarra Trams,Brunswick,PTV Green,In-Service,Yarra Trams Refurbished,"Wed, 31st Oct 1990",1435mm Standard gauge,ACS
2058,B2-Class,Yarra Trams,Camberwell,PTV Green,In-Service,Yarra Trams Refurbished,"Thu, 1st Nov 1990",1435mm Standard gauge,Conduent
2059,B2-Class,Yarra Trams,Camberwell,PTV Green,In-Service,Yarra Trams Refurbished,"Fri, 2nd Nov 1990",1435mm Standard gauge,Conduent
2060,B2-Class,Yarra Trams,Camberwell,PTV Green,In-Service,Yarra Trams Refurbished,"Tue, 13th Nov 1990",1435mm Standard gauge,ACS
2061,B2-Class,Yarra Trams,Camberwell,PTV Green,In-Service,Yarra Trams Refurbished,"Fri, 16th Nov 1990",1435mm Standard gauge,Conduent
2062,B2-Class,Yarra Trams,Camberwell,PTV Green,In-Service,Yarra Trams Refurbished,"Fri, 30th Nov 1990",1435mm Standard gauge,ACS
2063,B2-Class,Yarra Trams,Glenhuntly,PTV Green,In-Service,Yarra Trams Refurbished,"Mon, 10th Dec 1990",1435mm Standard gauge,ACS
2064,B2-Class,Yarra Trams,Essendon,PTV Green,In-Service,Yarra Trams Refurbished,"Mon, 17th Dec 1990",1435mm Standard gauge,ACS
2065,B2-Class,Yarra Trams,Essendon,PTV Green,In-Service,Yarra Trams Refurbished,"Fri, 18th Jan 1991",1435mm Standard gauge,ACS
2066,B2-Class,Yarra Trams,Camberwell,PTV Green,In-Service,Yarra Trams Refurbished,"Thu, 20th Dec 1990",1435mm Standard gauge,Conduent
2067,B2-Class,Yarra Trams,Camberwell,PTV Green,In-Service,Yarra Trams Refurbished,"Fri, 18th Jan 1991",1435mm Standard gauge,Conduent
2068,B2-Class,Yarra Trams,Camberwell,PTV Green,In-Service,Yarra Trams Refurbished,"Fri, 18th Jan 1991",1435mm Standard gauge,ACS
2069,B2-Class,Yarra Trams,Essendon,PTV Green,In-Service,Yarra Trams Refurbished,"Wed, 20th Mar 1991",1435mm Standard gauge,ACS
2070,B2-Class,Yarra Trams,Brunswick,PTV Green,In-Service,Yarra Trams Refurbished,"Fri, 7th May 1993",1435mm Standard gauge,ACS
2071,B2-Class,Yarra Trams,Camberwell,PTV Green,In-Service,Yarra Trams Refurbished,"Fri, 3rd May 1991",1435mm Standard gauge,Conduent
2072,B2-Class,Yarra Trams,Brunswick,PTV Green,In-Service,Yarra Trams Refurbished,"Mon, 13th May 1991",1435mm Standard gauge,ACS
2073,B2-Class,Yarra Trams,Camberwell,PTV Green,In-Storage/accident damaged,Yarra Trams Refurbished,"Mon, 24th Jun 1991",1435mm Standard gauge,ACS
2074,B2-Class,Yarra Trams,Brunswick,PTV Green,In-Service,Yarra Trams Refurbished,"Thu, 4th Jul 1991",1435mm Standard gauge,ACS
2075,B2-Class,Yarra Trams,Camberwell,PTV Green,In-Service,Yarra Trams Refurbished,"Mon, 1st Jul 1991",1435mm Standard gauge,Conduent
2076,B2-Class,Yarra Trams,Camberwell,PTV Green,In-Service,Yarra Trams Refurbished,"Fri, 26th Jul 1991",1435mm Standard gauge,ACS
2077,B2-Class,Yarra Trams,Camberwell,PTV Green,In-Service,Yarra Trams Refurbished,"Tue, 15th Oct 1991",1435mm Standard gauge,Conduent
2078,B2-Class,Yarra Trams,Camberwell,PTV Green,In-Service,Yarra Trams Refurbished,"Tue, 22nd Oct 1991",1435mm Standard gauge,ACS
2079,B2-Class,Yarra Trams,Camberwell,PTV Green,In-Service,Yarra Trams Refurbished,"Fri, 13th Dec 1991",1435mm Standard gauge,ACS
2080,B2-Class,Yarra Trams,Brunswick,PTV Green,In-Service,Yarra Trams Refurbished,"Wed, 13th Nov 1991",1435mm Standard gauge,ACS
2081,B2-Class,Yarra Trams,Camberwell,PTV Green,In-Service,Yarra Trams Refurbished,"Wed, 26th Feb 1992",1435mm Standard gauge,Conduent
2082,B2-Class,Yarra Trams,Essendon,PTV Green,In-Service,Yarra Trams Refurbished,"Mon, 9th Dec 1991",1435mm Standard gauge,ACS
2083,B2-Class,Yarra Trams,Essendon,PTV Green,In-Service,Yarra Trams Refurbished,"Wed, 11th Dec 1991",1435mm Standard gauge,Conduent
2084,B2-Class,Yarra Trams,Brunswick,PTV Green,In-Service,Yarra Trams Refurbished,"Mon, 16th Mar 1992",1435mm Standard gauge,ACS
2085,B2-Class,Yarra Trams,Glenhuntly,PTV Green,In-Service,Yarra Trams Refurbished,"Wed, 19th Feb 1992",1435mm Standard gauge,ACS
2086,B2-Class,Yarra Trams,Glenhuntly,PTV Green,In-Service,Yarra Trams Refurbished,"Tue, 20th Oct 1992",1435mm Standard gauge,ACS
2087,B2-Class,Yarra Trams,Camberwell,PTV Green,In-Service,Yarra Trams Refurbished,"Fri, 7th Feb 1992",1435mm Standard gauge,ACS
2088,B2-Class,Yarra Trams,Essendon,PTV Green,In-Service,Yarra Trams Refurbished,"Fri, 3rd Apr 1992",1435mm Standard gauge,ACS
2089,B2-Class,Yarra Trams,Glenhuntly,PTV Green,In-Service,Yarra Trams Refurbished,"Thu, 12th Mar 1992",1435mm Standard gauge,ACS
2090,B2-Class,Yarra Trams,Essendon,PTV Green,In-Service,Yarra Trams Refurbished,"Mon, 16th Mar 1992",1435mm Standard gauge,ACS
2091,B2-Class,Yarra Trams,Glenhuntly,PTV Green,In-Storage/accident damaged,Yarra Trams Refurbished,"Mon, 6th Apr 1992",1435mm Standard gauge,ACS
2092,B2-Class,Yarra Trams,Glenhuntly,PTV Green,In-Storage/accident damaged,Yarra Trams Refurbished,"Wed, 20th May 1992",1435mm Standard gauge,ACS
2093,B2-Class,Yarra Trams,Camberwell,PTV Green,In-Service,Yarra Trams Refurbished,"Fri, 18th Sep 1992",1435mm Standard gauge,ACS
2094,B2-Class,Yarra Trams,Glenhuntly,PTV Green,In-Service,Yarra Trams Refurbished,"Fri, 18th Sep 1992",1435mm Standard gauge,ACS
2095,B2-Class,Yarra Trams,Glenhuntly,PTV Green,In-Service,Yarra Trams Refurbished,"Wed, 30th Sep 1992",1435mm Standard gauge,ACS
2096,B2-Class,Yarra Trams,Brunswick,PTV Green,In-Service,Yarra Trams Refurbished,"Wed, 26th Aug 1992",1435mm Standard gauge,Conduent
2097,B2-Class,Yarra Trams,Camberwell,PTV Green,In-Service,Yarra Trams Refurbished,"Mon, 19th Oct 1992",1435mm Standard gauge,Conduent
2098,B2-Class,Yarra Trams,Brunswick,PTV Green,In-Service,Yarra Trams Refurbished,"Tue, 13th Oct 1992",1435mm Standard gauge,ACS
2099,B2-Class,Yarra Trams,Essendon,PTV Green,In-Service,Yarra Trams Refurbished,"Wed, 21st Oct 1992",1435mm Standard gauge,ACS
2100,B2-Class,Yarra Trams,Camberwell,PTV Green,In-Storage/accident damaged,Yarra Trams Refurbished,"Thu, 10th Sep 1992",1435mm Standard gauge,ACS
2101,B2-Class,Yarra Trams,Camberwell,PTV Green,In-Service,Yarra Trams Refurbished,"Tue, 27th Oct 1992",1435mm Standard gauge,Conduent
2102,B2-Class,Yarra Trams,Essendon,PTV Green,In-Service,Yarra Trams Refurbished,"Thu, 5th Nov 1992",1435mm Standard gauge,ACS
2103,B2-Class,Yarra Trams,Camberwell,PTV Green,In-Service,Yarra Trams Refurbished,"Mon, 23rd Nov 1992",1435mm Standard gauge,Conduent
2104,B2-Class,Yarra Trams,Brunswick,PTV Green,In-Service,Yarra Trams Refurbished,"Tue, 15th Dec 1992",1435mm Standard gauge,ACS
2105,B2-Class,Yarra Trams,Brunswick,PTV Green,In-Service,Yarra Trams Refurbished,"Wed, 16th Dec 1992",1435mm Standard gauge,ACS
2106,B2-Class,Yarra Trams,Essendon,PTV Green,In-Service,Yarra Trams Refurbished,"Wed, 13th Jan 1993",1435mm Standard gauge,ACS
2107,B2-Class,Yarra Trams,Camberwell,PTV Green,In-Service,Yarra Trams Refurbished,"Wed, 13th Jan 1993",1435mm Standard gauge,ACS
2108,B2-Class,Yarra Trams,Camberwell,PTV Green,In-Service,Yarra Trams Refurbished,"Fri, 29th Jan 1993",1435mm Standard gauge,ACS
2109,B2-Class,Yarra Trams,Brunswick,PTV Green,In-Service,Yarra Trams Refurbished,"Fri, 22nd Jan 1993",1435mm Standard gauge,ACS
2110,B2-Class,Yarra Trams,Essendon,PTV Green,In-Storage/accident damaged,Yarra Trams Refurbished,"Thu, 11th Feb 1993",1435mm Standard gauge,ACS
2111,B2-Class,Yarra Trams,Essendon,PTV Green,In-Service,Yarra Trams Refurbished,"Tue, 6th Apr 1993",1435mm Standard gauge,ACS
2112,B2-Class,Yarra Trams,Camberwell,PTV Green,In-Service,Yarra Trams Refurbished,"Wed, 7th Apr 1993",1435mm Standard gauge,Conduent
2113,B2-Class,Yarra Trams,Essendon,PTV Green,In-Service,Yarra Trams Refurbished,"Wed, 12th May 1993",1435mm Standard gauge,ACS
2114,B2-Class,Yarra Trams,Glenhuntly,PTV Green,In-Service,Yarra Trams Refurbished,"Wed, 12th May 1993",1435mm Standard gauge,ACS
2115,B2-Class,Yarra Trams,Glenhuntly,PTV Green,In-Service,Yarra Trams Refurbished,"Fri, 4th Jun 1993",1435mm Standard gauge,ACS
2116,B2-Class,Yarra Trams,Brunswick,PTV Green,In-Service,Yarra Trams Refurbished,"Wed, 30th Jun 1993",1435mm Standard gauge,ACS
2117,B2-Class,Yarra Trams,Essendon,PTV Green,In-Service,Yarra Trams Refurbished,"Mon, 28th Jun 1993",1435mm Standard gauge,Conduent
2118,B2-Class,Yarra Trams,Essendon,PTV Green,In-Service,Yarra Trams Refurbished,"Wed, 1st Sep 1993",1435mm Standard gauge,Conduent
2119,B2-Class,Yarra Trams,Essendon,PTV Green,In-Service,Yarra Trams Refurbished,"Wed, 1st Sep 1993",1435mm Standard gauge,ACS
2120,B2-Class,Yarra Trams,Camberwell,PTV Green,In-Service,Yarra Trams Refurbished,"Tue, 28th Sep 1993",1435mm Standard gauge,ACS
2121,B2-Class,Yarra Trams,Glenhuntly,PTV Green,In-Service,Yarra Trams Refurbished,"Tue, 28th Sep 1993",1435mm Standard gauge,ACS
2122,B2-Class,Yarra Trams,Brunswick,PTV Green,In-Service,Yarra Trams Refurbished,"Mon, 15th Nov 1993",1435mm Standard gauge,ACS
2123,B2-Class,Yarra Trams,Essendon,PTV Green,In-Service,Yarra Trams Refurbished,"Mon, 20th Dec 1993",1435mm Standard gauge,Conduent
2124,B2-Class,Yarra Trams,Camberwell,PTV Green,In-Service,Yarra Trams Refurbished,"Wed, 24th Nov 1993",1435mm Standard gauge,ACS
2125,B2-Class,Yarra Trams,Essendon,PTV Green,In-Service,Yarra Trams Refurbished,"Wed, 1st Dec 1993",1435mm Standard gauge,ACS
2126,B2-Class,Yarra Trams,Camberwell,PTV Green,In-Service,Yarra Trams Refurbished,"Thu, 16th Dec 1993",1435mm Standard gauge,Conduent
2127,B2-Class,Yarra Trams,Camberwell,PTV Green,In-Service,Yarra Trams Refurbished,"Mon, 21st Feb 1994",1435mm Standard gauge,ACS
2128,B2-Class,Yarra Trams,Brunswick,PTV Green,In-Service,Yarra Trams Refurbished,"Thu, 31st Mar 1994",1435mm Standard gauge,ACS
2129,B2-Class,Yarra Trams,Camberwell,PTV Green,In-Service,Yarra Trams Refurbished,"Fri, 27th May 1994",1435mm Standard gauge,ACS
2130,B2-Class,Yarra Trams,Essendon,PTV Green,In-Service,Yarra Trams Refurbished,"Wed, 13th Jul 1994",1435mm Standard gauge,ACS
2131,B2-Class,Yarra Trams,Brunswick,PTV Green,In-Service,Yarra Trams Refurbished,"Sun, 19th Jun 1994",1435mm Standard gauge,ACS
2132,B2-Class,Yarra Trams,Brunswick,PTV Green,In-Service,Yarra Trams Refurbished,"Thu, 28th Jul 1994",1435mm Standard gauge,ACS
3001,C1-Class,Yarra Trams,Kew,PTV Green,In-Service,Yarra Trams Refurbished,"Fri, 28th Sep 2001",1435mm Standard gauge,Conduent
3002,C1-Class,Yarra Trams,Kew,PTV Green,In-Service,Yarra Trams Refurbished,"Fri, 28th Sep 2001",1435mm Standard gauge,Conduent
3003,C1-Class,Yarra Trams,Kew,PTV Green,In-Service,Yarra Trams Refurbished,"Fri, 28th Sep 2001",1435mm Standard gauge,Vix
3004,C1-Class,Yarra Trams,Kew,PTV Green,In-Service,Yarra Trams Refurbished,"Fri, 28th Sep 2001",1435mm Standard gauge,Conduent
3005,C1-Class,Yarra Trams,Kew,PTV Green,In-Service,Yarra Trams Refurbished,"Mon, 31st Dec 2001",1435mm Standard gauge,Vix
3006,C1-Class,Yarra Trams,Kew,PTV Green,In-Storage/accident damaged,Yarra Trams Refurbished,"Mon, 31st Dec 2001",1435mm Standard gauge,Vix
3007,C1-Class,Yarra Trams,Kew,PTV Green,In-Service,Yarra Trams Refurbished,"Mon, 31st Dec 2001",1435mm Standard gauge,Conduent
3008,C1-Class,Yarra Trams,Kew,PTV Green,In-Service,Yarra Trams Refurbished,"Mon, 31st Dec 2001",1435mm Standard gauge,Conduent
3009,C1-Class,Yarra Trams,Kew,PTV Green,In-Service,Yarra Trams Refurbished,"Mon, 31st Dec 2001",1435mm Standard gauge,Conduent
3010,C1-Class,Yarra Trams,Kew,PTV Green,In-Service,Yarra Trams Refurbished,"Mon, 31st Dec 2001",1435mm Standard gauge,Conduent
3011,C1-Class,Yarra Trams,Kew,PTV Green,In-Service,Yarra Trams Refurbished,"Mon, 31st Dec 2001",1435mm Standard gauge,Conduent
3012,C1-Class,Yarra Trams,Kew,PTV Green,In-Service,Yarra Trams Refurbished,"Mon, 31st Dec 2001",1435mm Standard gauge,Conduent
3013,C1-Class,Yarra Trams,Kew,PTV Green,In-Service,Yarra Trams Refurbished,"Mon, 31st Dec 2001",1435mm Standard gauge,Conduent
3014,C1-Class,Yarra Trams,Kew,PTV Green,In-Service,Yarra Trams Refurbished,"Mon, 31st Dec 2001",1435mm Standard gauge,Conduent
3015,C1-Class,Yarra Trams,Kew,PTV Green,In-Service,Yarra Trams Refurbished,"Thu, 24th Jan 2002",1435mm Standard gauge,Conduent
3016,C1-Class,Yarra Trams,Kew,PTV Green,In-Service,Yarra Trams Refurbished,"Thu, 24th Jan 2002",1435mm Standard gauge,Conduent
3017,C1-Class,Yarra Trams,Kew,PTV Green,In-Service,Yarra Trams Refurbished,"Thu, 28th Mar 2002",1435mm Standard gauge,Conduent
3018,C1-Class,Yarra Trams,Kew,PTV Green,In-Service,Yarra Trams Refurbished,"Thu, 28th Mar 2002",1435mm Standard gauge,Conduent
3019,C1-Class,Yarra Trams,Kew,PTV Green,In-Service,Yarra Trams Refurbished,"Thu, 28th Mar 2002",1435mm Standard gauge,Vix
3020,C1-Class,Yarra Trams,Kew,PTV Green,In-Service,Yarra Trams Refurbished,"Thu, 28th Mar 2002",1435mm Standard gauge,Conduent
3021,C1-Class,Yarra Trams,Kew,PTV Green,In-Service,Yarra Trams Refurbished,"Thu, 28th Mar 2002",1435mm Standard gauge,Conduent
3022,C1-Class,Yarra Trams,Kew,PTV Green,In-Service,Yarra Trams Refurbished,"Thu, 28th Mar 2002",1435mm Standard gauge,Conduent
3023,C1-Class,Yarra Trams,Kew,PTV Green,In-Service,Yarra Trams Refurbished,"Thu, 28th Mar 2002",1435mm Standard gauge,Conduent
3024,C1-Class,Yarra Trams,Kew,PTV Green,In-Service,Yarra Trams Refurbished,"Thu, 28th Mar 2002",1435mm Standard gauge,Conduent
3025,C1-Class,Yarra Trams,Kew,PTV Green,In-Service,Yarra Trams Refurbished,"Fri, 28th Jun 2002",1435mm Standard gauge,Conduent
3026,C1-Class,Yarra Trams,Kew,PTV Green,In-Service,Yarra Trams Refurbished,"Fri, 28th Jun 2002",1435mm Standard gauge,Conduent
3027,C1-Class,Yarra Trams,Kew,PTV Green,In-Service,Yarra Trams Refurbished,"Fri, 28th Jun 2002",1435mm Standard gauge,Conduent
3028,C1-Class,Yarra Trams,Kew,PTV Green,In-Service,Yarra Trams Refurbished,"Fri, 28th Jun 2002",1435mm Standard gauge,Conduent
3029,C1-Class,Yarra Trams,Kew,PTV Green,In-Service,Yarra Trams Refurbished,"Fri, 30th Aug 2002",1435mm Standard gauge,Conduent
3030,C1-Class,Yarra Trams,Kew,PTV Green,In-Service,Yarra Trams Refurbished,"Fri, 28th Jun 2002",1435mm Standard gauge,Conduent
3031,C1-Class,Yarra Trams,Kew,PTV Green,In-Service,Yarra Trams Refurbished,"Fri, 28th Jun 2002",1435mm Standard gauge,Conduent
3032,C1-Class,Yarra Trams,Kew,PTV Green,In-Service,Yarra Trams Refurbished,"Fri, 28th Jun 2002",1435mm Standard gauge,Conduent
3033,C1-Class,Yarra Trams,Kew,PTV Green,In-Service,Yarra Trams Refurbished,"Fri, 30th Aug 2002",1435mm Standard gauge,Conduent
3034,C1-Class,Yarra Trams,Kew,PTV Green,In-Service,Yarra Trams Refurbished,"Fri, 30th Aug 2002",1435mm Standard gauge,Conduent
3035,C1-Class,Yarra Trams,Kew,PTV Green,In-Service,Yarra Trams Refurbished,"Fri, 30th Aug 2002",1435mm Standard gauge,Conduent
3036,C1-Class,Yarra Trams,Kew,PTV Green,In-Service,Yarra Trams Refurbished,"Fri, 30th Aug 2002",1435mm Standard gauge,Conduent
5103,C2-Class,Yarra Trams,Southbank,PTV Green,In-Service,n/a,"Wed, 13th Aug 2008",1435mm Standard gauge,Conduent
5106,C2-Class,Yarra Trams,Southbank,PTV Green,In-Service,n/a,"Mon, 13th Oct 2008",1435mm Standard gauge,Conduent
5111,C2-Class,Yarra Trams,Southbank,PTV Green,In-Service,n/a,unknown,1435mm Standard gauge,Conduent
5113,C2-Class,Yarra Trams,Southbank,PTV Green,In-Service,n/a,"Thu, 17th Jul 2008",1435mm Standard gauge,Conduent
5123,C2-Class,Yarra Trams,Southbank,PTV Green,In-Service,n/a,"Wed, 11th Jun 2008",1435mm Standard gauge,Conduent
3501,D1-Class,Yarra Trams,Malvern,PTV Green,In-Service,Original - M>Tram,"Thu, 19th Dec 2002",1435mm Standard gauge,Conduent
3502,D1-Class,Yarra Trams,Malvern,PTV Green,In-Service,Original - M>Tram,"Thu, 19th Dec 2002",1435mm Standard gauge,Conduent
3503,D1-Class,Yarra Trams,Malvern,PTV Green,In-Service,Original - M>Tram,"Thu, 19th Dec 2002",1435mm Standard gauge,Conduent
3504,D1-Class,Yarra Trams,Malvern,PTV Green,In-Service,Original - M>Tram,"Thu, 19th Dec 2002",1435mm Standard gauge,Conduent
3505,D1-Class,Yarra Trams,Malvern,PTV Green,In-Service,Original - M>Tram,"Fri, 28th Feb 2003",1435mm Standard gauge,Conduent
3506,D1-Class,Yarra Trams,Malvern,PTV Green,In-Service,Original - M>Tram,"Fri, 28th Feb 2003",1435mm Standard gauge,Conduent
3507,D1-Class,Yarra Trams,Malvern,PTV Green,In-Service,Original - M>Tram,"Fri, 28th Feb 2003",1435mm Standard gauge,Conduent
3508,D1-Class,Yarra Trams,Malvern,PTV Green,In-Service,Original - M>Tram,"Fri, 28th Feb 2003",1435mm Standard gauge,Conduent
3509,D1-Class,Yarra Trams,Malvern,PTV Green,In-Service,Original - M>Tram,"Fri, 28th Feb 2003",1435mm Standard gauge,Conduent
3510,D1-Class,Yarra Trams,Malvern,PTV Green,In-Service,Original - M>Tram,"Fri, 28th Feb 2003",1435mm Standard gauge,Conduent
3511,D1-Class,Yarra Trams,Malvern,PTV Green,In-Service,Original - M>Tram,"Fri, 28th Feb 2003",1435mm Standard gauge,Conduent
3512,D1-Class,Yarra Trams,Malvern,PTV Green,In-Service,Original - M>Tram,"Mon, 2nd Jun 2003",1435mm Standard gauge,Conduent
3513,D1-Class,Yarra Trams,Malvern,PTV Green,In-Service,Original - M>Tram,"Mon, 2nd Jun 2003",1435mm Standard gauge,Vix
3514,D1-Class,Yarra Trams,Malvern,PTV Green,In-Service,Original - M>Tram,"Wed, 4th Jun 2003",1435mm Standard gauge,Conduent
3515,D1-Class,Yarra Trams,Malvern,PTV Green,In-Service,Original - M>Tram,"Mon, 2nd Jun 2003",1435mm Standard gauge,Conduent
3516,D1-Class,Yarra Trams,Malvern,PTV Green,In-Service,Original - M>Tram,"Mon, 2nd Jun 2003",1435mm Standard gauge,Conduent
3517,D1-Class,Yarra Trams,Malvern,PTV Green,In-Service,Original - M>Tram,"Mon, 2nd Jun 2003",1435mm Standard gauge,Conduent
3518,D1-Class,Yarra Trams,Malvern,PTV Green,In-Service,Original - M>Tram,"Mon, 1st Sep 2003",1435mm Standard gauge,Conduent
3519,D1-Class,Yarra Trams,Malvern,PTV Green,In-Service,Original - M>Tram,"Mon, 1st Sep 2003",1435mm Standard gauge,Conduent
3520,D1-Class,Yarra Trams,Malvern,PTV Green,In-Service,Original - M>Tram,"Mon, 1st Sep 2003",1435mm Standard gauge,Conduent
3521,D1-Class,Yarra Trams,Malvern,PTV Green,In-Service,Original - M>Tram,"Mon, 1st Sep 2003",1435mm Standard gauge,Conduent
3522,D1-Class,Yarra Trams,Malvern,PTV Green,In-Service,Original - M>Tram,"Mon, 1st Sep 2003",1435mm Standard gauge,Conduent
3523,D1-Class,Yarra Trams,Malvern,PTV Green,In-Service,Original - M>Tram,"Mon, 1st Sep 2003",1435mm Standard gauge,Conduent
3524,D1-Class,Yarra Trams,Malvern,PTV Green,In-Service,Original - M>Tram,"Mon, 1st Sep 2003",1435mm Standard gauge,Conduent
3525,D1-Class,Yarra Trams,Malvern,PTV Green,In-Service,Original - M>Tram,"Mon, 1st Dec 2003",1435mm Standard gauge,Conduent
3526,D1-Class,Yarra Trams,Malvern,PTV Green,In-Service,Original - M>Tram,"Mon, 1st Dec 2003",1435mm Standard gauge,Conduent
3527,D1-Class,Yarra Trams,Malvern,PTV Green,In-Service,Original - M>Tram,"Mon, 1st Dec 2003",1435mm Standard gauge,Conduent
3528,D1-Class,Yarra Trams,Malvern,PTV Green,In-Service,Original - M>Tram,"Mon, 1st Dec 2003",1435mm Standard gauge,Conduent
3529,D1-Class,Yarra Trams,Malvern,PTV Green,In-Service,Original - M>Tram,"Mon, 1st Dec 2003",1435mm Standard gauge,Conduent
3530,D1-Class,Yarra Trams,Malvern,PTV Green,In-Service,Original - M>Tram,"Mon, 1st Dec 2003",1435mm Standard gauge,Conduent
3531,D1-Class,Yarra Trams,Malvern,PTV Green,In-Service,Original - M>Tram,"Sun, 29th Feb 2004",1435mm Standard gauge,Conduent
3532,D1-Class,Yarra Trams,Malvern,PTV Green,In-Service,Original - M>Tram,"Mon, 1st Dec 2003",1435mm Standard gauge,Conduent
3533,D1-Class,Yarra Trams,Malvern,PTV Green,In-Service,Original - M>Tram,"Mon, 1st Dec 2003",1435mm Standard gauge,Conduent
3534,D1-Class,Yarra Trams,Malvern,PTV Green,In-Service,Original - M>Tram,"Sun, 29th Feb 2004",1435mm Standard gauge,Vix
3535,D1-Class,Yarra Trams,Malvern,PTV Green,In-Service,Original - M>Tram,"Sun, 29th Feb 2004",1435mm Standard gauge,Conduent
3536,D1-Class,Yarra Trams,Malvern,PTV Green,In-Storage/accident damaged,Original - M>Tram,"Sun, 29th Feb 2004",1435mm Standard gauge,Vix
3537,D1-Class,Yarra Trams,Malvern,PTV Green,In-Service,Original - M>Tram,"Sun, 29th Feb 2004",1435mm Standard gauge,Conduent
3538,D1-Class,Yarra Trams,Malvern,PTV Green,In-Service,Original - M>Tram,"Sun, 29th Feb 2004",1435mm Standard gauge,Conduent
5001,D2-Class,Yarra Trams,Brunswick,PTV Green,In-Service,Original - M>Tram,"Thu, 4th Mar 2004",1435mm Standard gauge,Conduent
5002,D2-Class,Yarra Trams,Brunswick,PTV Green,In-Service,Original - M>Tram,"Thu, 3rd Jun 2004",1435mm Standard gauge,Conduent
5003,D2-Class,Yarra Trams,Brunswick,PTV Green,In-Service,Original - M>Tram,"Wed, 2nd Jun 2004",1435mm Standard gauge,Vix
5004,D2-Class,Yarra Trams,Brunswick,PTV Green,In-Service,Original - M>Tram,"Wed, 2nd Jun 2004",1435mm Standard gauge,Vix
5005,D2-Class,Yarra Trams,Brunswick,PTV Green,In-Service,Original - M>Tram,"Thu, 3rd Jun 2004",1435mm Standard gauge,Conduent
5006,D2-Class,Yarra Trams,Brunswick,PTV Green,In-Service,Original - M>Tram,"Wed, 2nd Jun 2004",1435mm Standard gauge,Conduent
5007,D2-Class,Yarra Trams,Brunswick,PTV Green,In-Storage/accident damaged,Original - M>Tram,"Wed, 2nd Jun 2004",1435mm Standard gauge,Vix
5008,D2-Class,Yarra Trams,Brunswick,PTV Green,In-Storage/accident damaged,Original - M>Tram,"Thu, 2nd Sep 2004",1435mm Standard gauge,Vix
5009,D2-Class,Yarra Trams,Brunswick,PTV Green,In-Storage/accident damaged,Original - M>Tram,"Thu, 2nd Sep 2004",1435mm Standard gauge,Vix
5010,D2-Class,Yarra Trams,Brunswick,PTV Green,In-Service,Original - M>Tram,"Wed, 2nd Jun 2004",1435mm Standard gauge,Conduent
5011,D2-Class,Yarra Trams,Brunswick,PTV Green,In-Service,Original - M>Tram,"Thu, 2nd Sep 2004",1435mm Standard gauge,Vix
5012,D2-Class,Yarra Trams,Brunswick,PTV Green,In-Service,Original - M>Tram,"Thu, 2nd Sep 2004",1435mm Standard gauge,Conduent
5013,D2-Class,Yarra Trams,Brunswick,PTV Green,In-Service,Original - M>Tram,"Thu, 2nd Sep 2004",1435mm Standard gauge,Conduent
5014,D2-Class,Yarra Trams,Brunswick,PTV Green,In-Service,Original - M>Tram,"Thu, 2nd Sep 2004",1435mm Standard gauge,Conduent
5015,D2-Class,Yarra Trams,Brunswick,PTV Green,In-Service,Original - M>Tram,"Thu, 2nd Sep 2004",1435mm Standard gauge,Conduent
5016,D2-Class,Yarra Trams,Brunswick,PTV Green,In-Service,Original - M>Tram,"Thu, 2nd Sep 2004",1435mm Standard gauge,Conduent
5017,D2-Class,Yarra Trams,Brunswick,PTV Green,In-Service,Original - M>Tram,"Tue, 30th Nov 2004",1435mm Standard gauge,Conduent
5018,D2-Class,Yarra Trams,Brunswick,PTV Green,In-Service,Original - M>Tram,"Tue, 30th Nov 2004",1435mm Standard gauge,Conduent
5019,D2-Class,Yarra Trams,Brunswick,PTV Green,In-Service,Original - M>Tram,"Tue, 30th Nov 2004",1435mm Standard gauge,Conduent
5020,D2-Class,Yarra Trams,Brunswick,PTV Green,In-Service,Original - M>Tram,"Tue, 30th Nov 2004",1435mm Standard gauge,Vix
5021,D2-Class,Yarra Trams,Brunswick,PTV Green,In-Service,Original - M>Tram,"Tue, 30th Nov 2004",1435mm Standard gauge,Conduent
6001,E1-Class,Yarra Trams,Preston,PTV Green,In-Service,n/a,"Mon, 4th Nov 2013",1435mm Standard gauge,Vix
6002,E1-Class,Yarra Trams,Preston,PTV Green,In-Service,n/a,"Mon, 4th Nov 2013",1435mm Standard gauge,Vix
6003,E1-Class,Yarra Trams,Preston,PTV Green,In-Service,n/a,December 2013,1435mm Standard gauge,Vix
6004,E1-Class,Yarra Trams,Preston,PTV Green,In-Service,n/a,January 2014,1435mm Standard gauge,Conduent
6005,E1-Class,Yarra Trams,Preston,PTV Green,In-Service,n/a,January 2014,1435mm Standard gauge,Vix
6006,E1-Class,Yarra Trams,Preston,PTV Green,In-Service,n/a,"Mon, 22nd Dec 2014",1435mm Standard gauge,Vix
6007,E1-Class,Yarra Trams,Preston,PTV Green,In-Service,n/a,"Mon, 14th Jul 2014",1435mm Standard gauge,Vix
6008,E1-Class,Yarra Trams,Preston,PTV Green,In-Service,n/a,"Mon, 20th Oct 2014",1435mm Standard gauge,Vix
6009,E1-Class,Yarra Trams,Preston,PTV Green,In-Service,n/a,"Mon, 4th Aug 2014",1435mm Standard gauge,Vix
6010,E1-Class,Yarra Trams,Preston,PTV Green,In-Service,n/a,"Mon, 1st Sep 2014",1435mm Standard gauge,Vix
6011,E1-Class,Yarra Trams,Preston,PTV Green,In-Service,n/a,"Mon, 6th Oct 2014",1435mm Standard gauge,Vix
6012,E1-Class,Yarra Trams,Preston,PTV Green,In-Service,n/a,"Mon, 24th Nov 2014",1435mm Standard gauge,Vix
6013,E1-Class,Yarra Trams,Preston,PTV Green,In-Service,n/a,"Mon, 1st Dec 2014",1435mm Standard gauge,Vix
6014,E1-Class,Yarra Trams,Preston,PTV Green,In-Service,n/a,"Mon, 8th Dec 2014",1435mm Standard gauge,Vix
6015,E1-Class,Yarra Trams,Preston,PTV Green,In-Service,n/a,"Mon, 15th Dec 2014",1435mm Standard gauge,Vix
6016,E1-Class,Yarra Trams,Preston,PTV Green,In-Service,n/a,"Mon, 19th Jan 2015",1435mm Standard gauge,Vix
6017,E1-Class,Yarra Trams,Preston,PTV Green,In-Service,n/a,"Mon, 9th Feb 2015",1435mm Standard gauge,Vix
6018,E1-Class,Yarra Trams,Preston,PTV Green,In-Service,n/a,"Tue, 17th Mar 2015",1435mm Standard gauge,Vix
6019,E1-Class,Yarra Trams,Preston,PTV Green,In-Service,n/a,"Tue, 14th Apr 2015",1435mm Standard gauge,Vix
6020,E1-Class,Yarra Trams,Preston,PTV Green,In-Service,n/a,"Mon, 27th Apr 2015",1435mm Standard gauge,Vix
6021,E1-Class,Yarra Trams,Southbank,PTV Green,In-Service,n/a,"Mon, 4th May 2015",1435mm Standard gauge,Vix
6022,E1-Class,Yarra Trams,Preston,PTV Green,In-Service,n/a,"Mon, 20th Apr 2015",1435mm Standard gauge,Vix
6023,E1-Class,Yarra Trams,Preston,PTV Green,In-Service,n/a,"Mon, 11th May 2015",1435mm Standard gauge,Vix
6024,E1-Class,Yarra Trams,Preston,PTV Green,In-Service,n/a,"Sun, 21st Jun 2015",1435mm Standard gauge,Vix
6025,E1-Class,Yarra Trams,Preston,PTV Green,In-Service,n/a,"Mon, 13th Jul 2015",1435mm Standard gauge,Vix
6026,E1-Class,Yarra Trams,Preston,PTV Green,In-Service,n/a,"Mon, 27th Jul 2015",1435mm Standard gauge,Vix
6027,E1-Class,Yarra Trams,Preston,PTV Green,In-Service,n/a,"Mon, 17th Aug 2015",1435mm Standard gauge,Vix
6028,E1-Class,Yarra Trams,Preston,PTV Green,In-Service,n/a,"Mon, 14th Sep 2015",1435mm Standard gauge,Vix
6029,E1-Class,Yarra Trams,Preston,PTV Green,In-Service,n/a,"Fri, 9th Oct 2015",1435mm Standard gauge,Vix
6030,E1-Class,Yarra Trams,Preston,PTV Green,In-Service,n/a,"Wed, 9th Dec 2015",1435mm Standard gauge,Vix
6031,E1-Class,Yarra Trams,Preston,PTV Green,In-Service,n/a,"Wed, 9th Dec 2015",1435mm Standard gauge,Vix
6032,E1-Class,Yarra Trams,Preston,PTV Green,In-Service,n/a,"Tue, 22nd Dec 2015",1435mm Standard gauge,Vix
6033,E1-Class,Yarra Trams,Preston,PTV Green,In-Service,n/a,"Mon, 1st Feb 2016",1435mm Standard gauge,Vix
6034,E1-Class,Yarra Trams,Preston,PTV Green,In-Service,n/a,"Mon, 29th Feb 2016",1435mm Standard gauge,Vix
6035,E1-Class,Yarra Trams,Preston,PTV Green,In-Service,n/a,"Mon, 28th Mar 2016",1435mm Standard gauge,Vix
6036,E1-Class,Yarra Trams,Southbank,PTV Green,In-Service,n/a,"Thu, 28th Apr 2016",1435mm Standard gauge,Vix
6037,E1-Class,Yarra Trams,Preston,PTV Green,In-Service,n/a,"Mon, 30th May 2016",1435mm Standard gauge,Vix
6038,E1-Class,Yarra Trams,Preston,PTV Green,In-Service,n/a,"Mon, 4th Jul 2016",1435mm Standard gauge,Vix
6039,E1-Class,Yarra Trams,Preston,PTV Green,In-Service,n/a,"Thu, 4th Aug 2016",1435mm Standard gauge,Vix
6040,E1-Class,Yarra Trams,Preston,PTV Green,In-Service,n/a,"Fri, 19th Aug 2016",1435mm Standard gauge,Vix
6041,E1-Class,Yarra Trams,Preston,PTV Green,In-Service,n/a,"Wed, 7th Sep 2016",1435mm Standard gauge,Vix
6042,E1-Class,Yarra Trams,Preston,PTV Green,In-Service,n/a,"Mon, 26th Sep 2016",1435mm Standard gauge,Vix
6043,E1-Class,Yarra Trams,Preston,PTV Green,In-Service,n/a,"Mon, 31st Oct 2016",1435mm Standard gauge,Vix
6044,E1-Class,Yarra Trams,Preston,PTV Green,In-Service,n/a,"Mon, 14th Nov 2016",1435mm Standard gauge,Vix
6045,E1-Class,Yarra Trams,Preston,PTV Green,In-Service,n/a,"Mon, 5th Dec 2016",1435mm Standard gauge,Vix
6046,E1-Class,Yarra Trams,Preston,PTV Green,In-Service,n/a,"Tue, 3rd Jan 2017",1435mm Standard gauge,Vix
6047,E1-Class,Yarra Trams,Preston,PTV Green,In-Service,n/a,"Wed, 8th Feb 2017",1435mm Standard gauge,Vix
6048,E1-Class,Yarra Trams,Preston,PTV Green,In-Service,n/a,"Fri, 24th Feb 2017",1435mm Standard gauge,Vix
6049,E1-Class,Yarra Trams,Preston,PTV Green,In-Service,n/a,"Fri, 7th Apr 2017",1435mm Standard gauge,Vix
6050,E1-Class,Yarra Trams,Preston,PTV Green,In-Service,n/a,"Mon, 24th Apr 2017",1435mm Standard gauge,Vix
6051,E2-Class,Yarra Trams,Southbank,PTV Green,In-Service,n/a,"Tue, 13th Jun 2017",1435mm Standard gauge,Vix
6052,E2-Class,Yarra Trams,Southbank,PTV Green,In-Service,n/a,"Mon, 5th Jun 2017",1435mm Standard gauge,Vix
6053,E2-Class,Yarra Trams,Southbank,PTV Green,In-Service,n/a,"Fri, 14th Jul 2017",1435mm Standard gauge,Vix
6054,E2-Class,Yarra Trams,Southbank,PTV Green,In-Service,n/a,"Wed, 2nd Aug 2017",1435mm Standard gauge,Vix
6055,E2-Class,Yarra Trams,Southbank,PTV Green,In-Service,n/a,"Fri, 11th Aug 2017",1435mm Standard gauge,Vix
6056,E2-Class,Yarra Trams,Preston,PTV Green,In-Service,n/a,"Mon, 4th Sep 2017",1435mm Standard gauge,Vix
6057,E2-Class,Yarra Trams,Southbank,PTV Green,In-Service,n/a,"Tue, 24th Oct 2017",1435mm Standard gauge,Vix
6058,E2-Class,Yarra Trams,Preston,PTV Green,In-Service,n/a,"Mon, 6th Nov 2017",1435mm Standard gauge,Vix
6059,E2-Class,Yarra Trams,Southbank,PTV Green,In-Service,n/a,"Mon, 27th Nov 2017",1435mm Standard gauge,Vix
6060,E2-Class,Yarra Trams,Preston,PTV Green,In-Service,n/a,"Mon, 1st Jan 2018",1435mm Standard gauge,Vix
6061,E2-Class,Yarra Trams,Southbank,PTV Green,In-Service,n/a,"Tue, 30th Jan 2018",1435mm Standard gauge,Vix
6062,E2-Class,Yarra Trams,Preston,PTV Green,In-Service,n/a,"Fri, 16th Mar 2018",1435mm Standard gauge,Vix
6063,E2-Class,Yarra Trams,Southbank,PTV Green,In-Service,n/a,"Tue, 24th Apr 2018",1435mm Standard gauge,Vix
6064,E2-Class,Yarra Trams,Preston,PTV Green,In-Service,n/a,"Mon, 7th May 2018",1435mm Standard gauge,Vix
6065,E2-Class,Yarra Trams,Southbank,PTV Green,In-Service,n/a,"Mon, 18th Jun 2018",1435mm Standard gauge,Vix
6066,E2-Class,Yarra Trams,Preston,PTV Green,In-Service,n/a,"Tue, 3rd Jul 2018",1435mm Standard gauge,Vix
6067,E2-Class,Yarra Trams,Southbank,PTV Green,In-Service,n/a,"Tue, 7th Aug 2018",1435mm Standard gauge,Vix
6068,E2-Class,Yarra Trams,Preston,PTV Green,In-Service,n/a,"Fri, 24th Aug 2018",1435mm Standard gauge,Vix
6069,E2-Class,Yarra Trams,Preston,PTV Green,In-Service,n/a,"Sat, 15th Sep 2018",1435mm Standard gauge,Vix
6070,E2-Class,Yarra Trams,Preston,PTV Green,In-Service,n/a,"Wed, 10th Oct 2018",1435mm Standard gauge,Vix
6071,E2-Class,Yarra Trams,Southbank,PTV Green,In-Service,n/a,"Tue, 20th Nov 2018",1435mm Standard gauge,Vix
6072,E2-Class,Yarra Trams,Preston,PTV Green,In-Service,n/a,"Mon, 17th Dec 2018",1435mm Standard gauge,Vix
6073,E2-Class,Yarra Trams,Southbank,PTV Green,In-Service,n/a,"Mon, 21st Jan 2019",1435mm Standard gauge,Vix
6074,E2-Class,Yarra Trams,Preston,PTV Green,In-Service,n/a,"Fri, 1st Mar 2019",1435mm Standard gauge,Vix
6075,E2-Class,Yarra Trams,Preston,PTV Green,In-Service,n/a,"Sun, 14th Apr 2019",1435mm Standard gauge,Vix
6076,E2-Class,Yarra Trams,Preston,PTV Green,In-Service,n/a,"Wed, 1st May 2019",1435mm Standard gauge,Vix
6077,E2-Class,Yarra Trams,Southbank,PTV Green,In-Service,n/a,"Tue, 21st May 2019",1435mm Standard gauge,Vix
6078,E2-Class,Yarra Trams,Preston,PTV Green,In-Service,n/a,"Sat, 3rd Aug 2019",1435mm Standard gauge,Vix
6079,E2-Class,Yarra Trams,Preston,PTV Green,In-Service,n/a,"Thu, 18th Jul 2019",1435mm Standard gauge,Vix
6080,E2-Class,Yarra Trams,Preston,PTV Green,In-Service,n/a,"Wed, 9th Oct 2019",1435mm Standard gauge,Vix
6081,E2-Class,Yarra Trams,Preston,PTV Green,In-Service,n/a,"Fri, 8th Nov 2019",1435mm Standard gauge,Vix
6082,E2-Class,Yarra Trams,Preston,PTV Green,In-Service,n/a,"Mon, 16th Dec 2019",1435mm Standard gauge,Vix
6083,E2-Class,Yarra Trams,Southbank,PTV Green,In-Service,n/a,"Sat, 28th Dec 2019",1435mm Standard gauge,Vix
6084,E2-Class,Yarra Trams,Preston,PTV Green,In-Service,n/a,"Fri, 31st Jan 2020",1435mm Standard gauge,Vix
6085,E2-Class,Yarra Trams,Southbank,PTV Green,In-Service,n/a,"Mon, 24th Feb 2020",1435mm Standard gauge,Vix
6086,E2-Class,Yarra Trams,Preston,PTV Green,In-Service,n/a,"Wed, 8th Jul 2020",1435mm Standard gauge,Vix
6087,E2-Class,Yarra Trams,Southbank,PTV Green,In-Service,n/a,"Tue, 18th Aug 2020",1435mm Standard gauge,Vix
6088,E2-Class,Yarra Trams,Preston,PTV Green,In-Service,n/a,"Mon, 14th Sep 2020",1435mm Standard gauge,Vix
6089,E2-Class,Yarra Trams,Southbank,PTV Green,In-Service,n/a,"Tue, 29th Sep 2020",1435mm Standard gauge,Vix
6090,E2-Class,Yarra Trams,Preston,PTV Green,In-Service,n/a,"Mon, 2nd Nov 2020",1435mm Standard gauge,Vix
6091,E2-Class,Yarra Trams,Southbank,PTV Green,In-Service,n/a,"Tue, 22nd Dec 2020",1435mm Standard gauge,Vix
6092,E2-Class,Yarra Trams,Preston,PTV Green,In-Service,n/a,"Mon, 1st Feb 2021",1435mm Standard gauge,Vix
6093,E2-Class,Yarra Trams,Southbank,PTV Green,In-Service,n/a,"Fri, 26th Feb 2021",1435mm Standard gauge,Vix
6094,E2-Class,Yarra Trams,Preston,PTV Green,In-Service,n/a,"Fri, 12th Mar 2021",1435mm Standard gauge,Vix
6095,E2-Class,Yarra Trams,Southbank,PTV Green,In-Service,n/a,"Fri, 30th Apr 2021",1435mm Standard gauge,Vix
6096,E2-Class,Yarra Trams,Southbank,PTV Green,In-Service,n/a,"Tue, 25th May 2021",1435mm Standard gauge,Vix
6097,E2-Class,Yarra Trams,Southbank,PTV Green,In-Service,n/a,"Fri, 25th Jun 2021",1435mm Standard gauge,Vix
6098,E2-Class,Yarra Trams,Southbank,PTV Green,In-Service,n/a,"Sat, 31st Jul 2021",1435mm Standard gauge,Vix
6099,E2-Class,Yarra Trams,Southbank,PTV Green,In-Service,n/a,"Mon, 23rd Aug 2021",1435mm Standard gauge,Vix
6100,E2-Class,Yarra Trams,Southbank,PTV Green,In-Service,n/a,"Fri, 1st Oct 2021",1435mm Standard gauge,Vix